nome_categoria,titulo_exibicao,descricao,ordem,status
bebidas_com_cafe,‚òï Caf√©s Especiais,Gr√£os especiais preparados artesanalmente,1,Ativo
bebidas_geladas,üßä Frapp√©s ,Bebidas geladas cremosas e refrescantes,2,Ativo
chocolates,üç´ Chocolates ,Sabor intenso e amanteigado,3,Ativo
sobremesas,üßÅ Sobremesas Artesanais,Doces caseiros com ingredientes premium,4,Ativo
salgados,ü•ê Salgados & Lanches,Op√ß√µes salgadas frescas e variadas,5,Ativo
cafes,Caf√©s,,6,Ativo
chas,Ch√°s,,7,Ativo
coll_drinks,Coll Drinks,,8,Ativo
fornearia_majestic,Fornearia Majestic,,9,Ativo
minimos,Minimo's,,10,Ativo
classicos,Cl√°ssicos,,11,Ativo
toasts,Toasts,,12,Ativo
natural_select,Natural Select,,13,Ativo
sucos,Sucos,"Refrescante e cheio de sabor, feito com polpa 100% natural. Experimente os nossos sabores vibrantes.",14,Ativo
smoothies,Smoothies,"Uma combina√ß√£o perfeita de frutas selecionadas com leite e gelo, batidas at√© alcan√ßar uma textura cremosa e refrescante. Escolha seu sabor favorito.",15,Ativo
seets,Sweets,,16,Ativo
pancakes,Pancakes,"Trio de panquecas americanas, macias e douradas, servidas quentinhas e prontas para receber sua cobertura preferida. Um convite ao simples, doce e irrest√≠vel.",17,Ativo
waffles,Waffles,Um super cl√°ssico americano com croc√¢ncia por fora e maciez por dentro. Pronto para receber sua cobertura preferida. Experimente tamb√©m a vers√£o de p√£o de queijo.,18,Ativo
loja_do_cafe,Loja do Caf√©,,19,Ativo